"Clinic Name","Doctor Name","Specialty","City","Country","Phone","WhatsApp Link","Rating","Reviews","Website","Has Website?","Has Online Booking?","Has Meta Ads?","Primary Pain Point","WhatsApp Script","Cold Call Hook","Address"
"Dr Atul Kathed","Atul Kathed","Dermatologist","Indore","India","+919826014164","https://wa.me/919826014164","4.8","0","https://drkathed.com/","YES","NO","NO","Manual reception booking & no PWA app install for repeat patient retention","Hi Dr. Atul Kathed, hope you are doing well!

We built Doctor Diary—a zero-friction clinic management platform that gives Dr Atul Kathed an instant booking page, live queue tracking, and prescription generator.

Check out your clinic's 30-second live demo page: https://doctor.naturexpress.in/clinic/atul-kathed-indore

Would love to set up your clinic page in 5 minutes!","""Hi Dr. Atul Kathed, calling from Doctor Diary. We help Dermatologist clinics automate appointment booking and live token queues. Do you currently use a digital queue tracker at Dr Atul Kathed?""","PVJQ+C76, A-7 MIG, AB Rd, behind axis bank, near sanjeevni nursing home, Phadnis Colony, Indore, Madhya Pradesh 452011"
"Truderm Skin Clinic Indore | Dr.Garvita Singh","Doctor","Dermatologist","Indore","India","+919179260689","https://wa.me/919179260689","4.8","0","https://www.trudermclinics.com/","YES","NO","NO","Manual reception booking & no PWA app install for repeat patient retention","Hi Dr. Doctor, hope you are doing well!

We built Doctor Diary—a zero-friction clinic management platform that gives Truderm Skin Clinic Indore | Dr.Garvita Singh an instant booking page, live queue tracking, and prescription generator.

Check out your clinic's 30-second live demo page: https://doctor.naturexpress.in/clinic/truderm-skin-clinic-indore---dr-garvita-singh

Would love to set up your clinic page in 5 minutes!","""Hi Dr. Doctor, calling from Doctor Diary. We help Dermatologist clinics automate appointment booking and live token queues. Do you currently use a digital queue tracker at Truderm Skin Clinic Indore | Dr.Garvita Singh?""","Badgara Crest, 301, New Palasia Rd, New Palasia, Indore, Madhya Pradesh 452001"
"Dr Appurva Bansal","Appurva Bansal","Dermatologist","Indore","India","+919479811136","https://wa.me/919479811136","4.8","0","https://drappurvabansal.com/","YES","NO","NO","Manual reception booking & no PWA app install for repeat patient retention","Hi Dr. Appurva Bansal, hope you are doing well!

We built Doctor Diary—a zero-friction clinic management platform that gives Dr Appurva Bansal an instant booking page, live queue tracking, and prescription generator.

Check out your clinic's 30-second live demo page: https://doctor.naturexpress.in/clinic/appurva-bansal-indore

Would love to set up your clinic page in 5 minutes!","""Hi Dr. Appurva Bansal, calling from Doctor Diary. We help Dermatologist clinics automate appointment booking and live token queues. Do you currently use a digital queue tracker at Dr Appurva Bansal?""","11/1, near Nagar Nigam zonal office, North Rajmohalla, Raj Mohalla, Indore, Madhya Pradesh 452002"